"","SMILES","half_life_formatted"
"1","BrC(Br)Br","> 1 year"
"2","BrCBr","140 days"
"3","BrCCBr","> 1 year"
"4","BrCCCBr","68 days"
"5","BrCCCc1ccccc1","150 days"
"6","BrCc1ccccc1","0.055 day"
"7","C#CC(C)(C)NC(=O)c1cc(Cl)cc(Cl)c1","> 1 year"
"8","C#CCOS(=O)OC1CCCCC1Oc1ccc(C(C)(C)C)cc1","78 days"
"9","C#CCOc1cc(-n2nc(C(C)(C)C)oc2=O)c(Cl)cc1Cl","> 1 year"
"10","C(=NC1CCCCC1)=NC1CCCCC1","0.017 day"
"11","C1=CC2OC2CC1","0.036 day"
"12","C1CO1","13 days"
"13","C1C[NH2+]1","2.9 days"
"14","C=C(C)C(=O)OC","> 1 year"
"15","C=C(C)C(=O)OC(=O)C(=C)C","0.018 day"
"16","C=C(C)C(=O)OC(C)(C)C","140 days"
"17","C=C(C)C(=O)OCC(F)(F)C(F)(F)C(F)(F)C(F)F","5.5 days"
"18","C=C(C)C(=O)OCC(O)CO","> 1 year"
"19","C=C(C)C(=O)OCCC(F)(F)C(F)(F)C(F)(F)C(F)(F)C(F)(F)C(F)(F)F","10 days"
"20","C=C(C)C(=O)OCCC[Si](C)(C)O[Si](C)(C)CCCOC(=O)C(=C)C","0.098 day"
"21","C=C(C)C(=O)OCCC[Si](C)(OC)OC","0.098 day"
"22","C=C(C)C(=O)OCCC[Si](OC(C)=O)(OC(C)=O)OC(C)=O","0.071 day"
"23","C=C(C)C(=O)OCCC[Si](OC)(OC)OC","0.098 day"
"24","C=C(C)C(=O)OCCC[Si](OCC)(OCC)OCC","0.098 day"
"25","C=C(C)C(=O)OCCC[Si](O[Si](C)(C)C)(O[Si](C)(C)C)O[Si](C)(C)C","0.098 day"
"26","C=C(C)C(=O)OCCOC(=O)CC(C)=O","6.5 days"
"27","C=C(C)C(=O)OCC[N+](C)(C)C","62 days"
"28","C=C(C)C(=O)OCC[NH+](C)S(=O)(=O)C(F)(F)C(F)(F)C(F)(F)C(F)(F)F","220 days"
"29","C=C(C)C(=O)OCC[NH+]1CCOC12CCCCC2","9.9 days"
"30","C=C(F)C(=O)OC","2.9 days"
"31","C=C1C(CCl)(CCl)C2(Cl)C(Cl)C(Cl)C1(Cl)C2(Cl)Cl","> 1 year"
"32","C=CC#N","> 1 year"
"33","C=CC(=C)Cl","> 1 year"
"34","C=CC(=O)OC","> 1 year"
"35","C=CC(=O)OC(C)CCCCCC","2.1 days"
"36","C=CC(=O)OCC(CC)CCCC","8.8 days"
"37","C=CC(=O)OCC1COC(C)(CC)O1","300 days"
"38","C=CC(=O)OCCC(F)(F)C(F)(F)C(F)(F)C(F)(F)C(F)(F)C(F)(F)C(F)(F)C(F)(F)C(F)(F)C(F)(F)F","81 days"
"39","C=CC(=O)OCCC(F)(F)C(F)(F)C(F)(F)C(F)(F)C(F)(F)C(F)(F)C(F)(F)C(F)(F)F","9.5 days"
"40","C=CC(=O)OCCC(F)(F)C(F)(F)C(F)(F)C(F)(F)C(F)(F)C(F)(F)F","1.6 days"
"41","C=CC(=O)OCCCCOC(=O)Oc1ccc(C(=O)c2ccccc2)cc1","13 days"
"42","C=CC(=O)OCCOC","> 1 year"
"43","C=CC(=O)OCCOC(=O)CCC(=O)[O-]","160 days"
"44","C=CC(=O)OCCOC(=O)NCCCC","130 days"
"45","C=CC(=O)OCCOCCOCC","310 days"
"46","C=CC(=O)OCC[N+](C)(C)C","36 days"
"47","C=CC(=O)OCC[N+](C)(C)Cc1ccccc1","30 days"
"48","C=CC(=O)OCC[NH+](C)S(=O)(=O)C(F)(F)C(F)(F)C(F)(F)C(F)(F)C(F)(F)C(F)(F)C(F)(F)C(F)(F)F","64 days"
"49","C=CC(=O)OCC[NH+](C)S(=O)(=O)C(F)(F)C(F)(F)C(F)(F)C(F)(F)F","220 days"
"50","C=CC(=O)OCC[NH+](CC)S(=O)(=O)C(F)(F)C(F)(F)C(F)(F)C(F)(F)C(F)(F)C(F)(F)C(F)(F)C(F)(F)F","35 days"
"51","C=CC(C)(CCC=C(C)C)OC(C)=O","0.43 day"
"52","C=CC(N)=O","> 1 year"
"53","C=CC1(C)OC(=O)N(c2cc(Cl)cc(Cl)c2)C1=O","0.76 day"
"54","C=CCBr","0.45 day"
"55","C=CCI","1.9 days"
"56","C=CCOC(=O)C(C)(C)O","170 days"
"57","C=CCOC(=O)C(C)(C)OC(=O)c1cc(-n2c(=O)cc(C(F)(F)F)n(C)c2=O)ccc1Cl","110 days"
"58","C=CCOC(=O)CCC1CCCCC1","3.8 days"
"59","C=CCOC(=O)CCCCC","29 days"
"60","C=CCOC(=O)COC1CCCCC1","46 days"
"61","C=CCOC(=O)OCCOCCOC(=O)OCC=C","280 days"
"62","C=CCc1ccc2c(c1)OCO2","> 1 year"
"63","C=CNC=O","69 days"
"64","C=COCCCCO","1.3 days"
"65","C=COCCOCCOC(=O)C=C","8.3 days"
"66","C=COCCOCCOCCOC=C","0.69 day"
"67","C=C[Si](C)(C)O[Si](C)(C)C=C","9.8 days"
"68","C=C[Si](C)(C)O[Si](O[Si](C)(C)C=C)(O[Si](C)(C)C=C)O[Si](C)(C)C=C","14 days"
"69","C=C[Si](C)(OC)OC","0.013 day"
"70","C=C[Si](OC(C)C)(OC(C)C)OC(C)C","0.043 day"
"71","C=C[Si](OCCOC)(OCCOC)OCCOC","0.043 day"
"72","C=C[Si](ON=C(C)CC)(ON=C(C)CC)ON=C(C)CC","0.031 day"
"73","C=Cc1ccc(S(=O)(=O)[O-])cc1","> 1 year"
"74","CBr","17 days"
"75","CC#N","> 1 year"
"76","CC(=CC#N)CCc1ccccc1","> 1 year"
"77","CC(=O)CC(=O)Nc1ccc(NC(=O)CC(C)=O)c(Cl)c1","200 days"
"78","CC(=O)CC(=O)Nc1ccc(NC(=O)CC(C)=O)cc1","> 1 year"
"79","CC(=O)CC(c1ccccc1)c1c(O)oc2ccccc2c1=O","> 1 year"
"80","CC(=O)CCl","46 days"
"81","CC(=O)Cl","4.6e-06 day"
"82","CC(=O)NC(N)=S","> 1 year"
"83","CC(=O)Nc1ccc(S(=O)(=O)Cl)cc1","0.0026 day"
"84","CC(=O)Nc1ccc2c(c1)C=C(S(=O)(=O)[O-])C(=NNc1ccc(S(=O)(=O)CCOS(=O)(=O)[O-])cc1)C2=O","4 days"
"85","CC(=O)Nc1ccc2c(c1)Cc1ccccc1-2","> 1 year"
"86","CC(=O)Nc1cccc(Nc2cc(S(=O)(=O)[O-])c(N)c3c2C(=O)c2ccccc2C3=O)c1","9.8 days"
"87","CC(=O)OC(C)(C)C","330 days"
"88","CC(=O)OC(C)=O","0.0031 day"
"89","CC(=O)OC1(C(C)=O)CCC2C3C=C(Cl)C4=CC(=O)CC(CCl)C4(C)C3CCC21C","88 days"
"90","CC(=O)OC1CC(C)CCC1C(C)C","5.5 days"
"91","CC(=O)OC1CCCCC1C(C)(C)C","1.8 days"
"92","CC(=O)OCC(CNC(=O)c1c(I)c(N)c(I)c(C(=O)[O-])c1I)OC(C)=O","140 days"
"93","CC(=O)OCC(F)F","28 days"
"94","CC(=O)OCC1=C(C(=O)[O-])[NH+]2C(=O)C(NC(=O)Cc3cccs3)C2SC1","5.3 days"
"95","CC(=O)OCC1OC(n2cc(C)c(=O)[nH]c2=O)CC1OC(C)=O","27 days"
"96","CC(=O)ON=C(C(=O)Sc1nc2ccccc2s1)c1csc(N)n1","0.75 day"
"97","CC(=O)OO","2 days"
"98","CC(=O)O[Si](C)(OC(C)=O)OC(C)=O","0.092 day"
"99","CC(=O)Oc1cccc(OC(C)=O)c1","2.1 days"
"100","CC(=O)[NH+]1CCCCCC1=O","11 days"
"101","CC(=O)c1cccc2ccccc12","38 days"
"102","CC(Br)CBr","> 1 year"
"103","CC(C)(Br)Br","0.18 day"
"104","CC(C)(C#N)N=NC(C)(C)C#N","300 days"
"105","CC(C)(C)CC(C)(C)c1cc(Cc2cc(C(C)(C)CC(C)(C)C)cc(-n3nc4ccccc4n3)c2O)c(O)c(-n2nc3ccccc3n2)c1","120 days"
"106","CC(C)(C)Cl","0.00026 day"
"107","CC(C)(C)F","29 days"
"108","CC(C)(C)OC(=O)C(F)(F)F","0.0057 day"
"109","CC(C)(C)OC(=O)[N-]N(Cc1ccc(-c2ccccn2)cc1)CC(O)C(Cc1ccccc1)NC(=O)OC(C)(C)C","13 days"
"110","CC(C)(C)OC=O","3.8 days"
"111","CC(C)(C)OOC(=O)C(C)(C)C","6 days"
"112","CC(C)(C)OOC1(OOC(C)(C)C)CCCCC1","2.7 days"
"113","CC(C)(C)[NH2+]Sc1nc2ccccc2s1","0.075 day"
"114","CC(C)(C)c1cc(C(C)(CC(=O)OCCOC(=O)CC(C)(c2ccc(O)c(C(C)(C)C)c2)c2ccc(O)c(C(C)(C)C)c2)c2ccc(O)c(C(C)(C)C)c2)ccc1O","150 days"
"115","CC(C)(C)c1ccc(O)c(O)c1","5.9 days"
"116","CC(C)(C)c1ccc(OCC2CO2)cc1","17 days"
"117","CC(C)(C1CCC(OCC2CO2)CC1)C1CCC(OCC2CO2)CC1","14 days"
"118","CC(C)(C[NH3+])C(N)=O","> 1 year"
"119","CC(C)(N=C=O)c1cccc(C(C)(C)N=C=O)c1","0.015 day"
"120","CC(C)(O)C#N","0.0064 day"
"121","CC(C)(OOC(C)(C)c1ccccc1)c1ccccc1","29 days"
"122","CC(C)(c1ccc(OCC2CO2)cc1)c1ccc(OCC2CO2)cc1","3.6 days"
"123","CC(C)=CCCC(C)=CCCC(C)CC=O","2.4 days"
"124","CC(C)=NOCCOC(=O)C(C)Oc1ccc(Oc2cnc3cc(Cl)ccc3n2)cc1","32 days"
"125","CC(C)Br","1.8 days"
"126","CC(C)C(=O)C(=Cc1ccccc1)C(=O)Nc1ccccc1","160 days"
"127","CC(C)C(=O)OOC(C)(C)C","120 days"
"128","CC(C)C(C(=O)OC(C#N)c1cccc(Oc2ccccc2)c1)c1ccc(Cl)cc1","> 1 year"
"129","CC(C)C([NH2+]c1ccc(C(F)(F)F)cc1Cl)C(=O)OC(C#N)c1cccc(Oc2ccccc2)c1","23 days"
"130","CC(C)C1(C)[NH+]=C(c2nc3ccccc3cc2C(=O)[O-])NC1=O","> 1 year"
"131","CC(C)C1(C)[NH+]=C(c2ncccc2C(=O)[O-])NC1=O","> 1 year"
"132","CC(C)C=NCC1(C)CC(N=CC(C)C)CC(C)(C)C1","0.16 day"
"133","CC(C)CC(C)(C#N)N=NC(C)(C#N)CC(C)C","33 days"
"134","CC(C)CCC(C)[NH2+]c1ccc(Nc2ccccc2)cc1","0.21 day"
"135","CC(C)CCC(C)[NH2+]c1ccc([NH2+]C(C)CCC(C)C)cc1","0.15 day"
"136","CC(C)CP(=O)(CCCO)CCCO","> 1 year"
"137","CC(C)Cc1ccc(C(C)C(=O)[O-])cc1","> 1 year"
"138","CC(C)I","2 days"
"139","CC(C)OC(=O)C(F)(F)F","0.0023 day"
"140","CC(C)OC(=O)Cl","0.0037 day"
"141","CC(C)OC(=O)Nc1cccc(Cl)c1","> 1 year"
"142","CC(C)OC(=O)OOC(=O)OC(C)C","0.13 day"
"143","CC(C)OC(=O)OOC(C)(C)C","9 days"
"144","CC(C)OC(=S)[S-]","11 days"
"145","CC(C)OCC1CO1","23 days"
"146","CC(C)OP(=O)(F)OC(C)C","4 days"
"147","CC(C)OP(=O)(OC(C)C)OC(C)C","> 1 year"
"148","CC(C)OP(=O)(OC(C)C)SCc1ccccc1","94 days"
"149","CC(C)OP(=S)(OC(C)C)SCCNS(=O)(=O)c1ccccc1","220 days"
"150","CC(C)Oc1cc(-n2nc(C(C)(C)C)oc2=O)c(Cl)cc1Cl","> 1 year"
"151","CC(C)SC(=O)Cl","6.5e-13 day"
"152","CC(C)[NH+](C(=O)SCC(Cl)=CCl)C(C)C","> 1 year"
"153","CC(C)[NH+](C(C)C)P(OCCC#N)[NH+](C(C)C)C(C)C","3.2 days"
"154","CC(C)c1ccc(NC(=O)[NH+](C)C)cc1","160 days"
"155","CC(C)c1ccc2sc3ccccc3c(=O)c2c1","3.4 days"
"156","CC(C)c1cccc(C(C)C)c1N=C=Nc1c(C(C)C)cccc1C(C)C","11 days"
"157","CC(C)c1cccc(C(C)CC=O)c1","26 days"
"158","CC(CC(=O)OOC(C)(C)C)CC(C)(C)C","2.1 days"
"159","CC(CC(C)C)=N[N-]C(=O)c1cc2ccccc2cc1O","1.2 days"
"160","CC(CCl)OP(=O)(OC(C)CCl)OC(C)CCl","> 1 year"
"161","CC(CN=NCC(C)C1=[NH+]CCN1)C1=[NH+]CCN1","7.1 days"
"162","CC(Cl)(Cl)Cl","> 1 year"
"163","CC(Cl)CCl","> 1 year"
"164","CC(Cl)Cl","> 1 year"
"165","CC(N)=O","> 1 year"
"166","CC(O)CNS(=O)(=O)CCCS(=O)(=O)c1ccc(C#N)c(C#N)c1","> 1 year"
"167","CC(O)COC(=O)OC1CC(C)CCC1C(C)C","140 days"
"168","CC(O)C[NH+](CC(C)O)C(=O)c1ccccc1","> 1 year"
"169","CC(Oc1ccc(Cl)cc1Cl)C(=O)[O-]","> 1 year"
"170","CC([NH3+])=S","340 days"
"171","CC(c1ccccc1)c1ccc(O)cc1O","> 1 year"
"172","CC1(C)C(=O)OC(=O)C1(C)C","0.036 day"
"173","CC1(C)C(C=C(Cl)Cl)C1C(=O)OC(C#N)c1ccc(F)c(Oc2ccccc2)c1","230 days"
"174","CC1(C)C(C=C(Cl)Cl)C1C(=O)OC(C#N)c1cccc(Oc2ccccc2)c1","> 1 year"
"175","CC1(C)C(C=C(Cl)Cl)C1C(=O)OCc1cccc(Oc2ccccc2)c1","> 1 year"
"176","CC1(C)CO[NH+](Cc2ccccc2Cl)C1=O","> 1 year"
"177","CC1(C)OCC([NH3+])C(O)CO1","320 days"
"178","CC1(C)OCC2OC2CO1","22 days"
"179","CC1(C)SC2C(NC(=O)C([NH3+])c3ccccc3)C(=O)[NH+]2C1C(=O)[O-]","27 days"
"180","CC1(CO)CC1CC1CC2CC2(C)C1(C)C","> 1 year"
"181","CC1(c2ccc(Oc3ccccc3)cc2)OC(=O)N(Nc2ccccc2)C1=O","2 days"
"182","CC12CC(O)C3C(C4CC5(C#N)C(C(=O)CCC35C)C4=O)C1CCC21CCC(=O)O1","0.19 day"
"183","CC12CCC(=O)C=C1CCC1C2CCC2(C)C1CCC2(O)C#N","0.75 day"
"184","CC12CCC3C4=C(CCC3C1CCC2(O)CC#N)CC(=O)CC4","59 days"
"185","CC1=C(C(=O)Nc2ccccc2)SCCO1","360 days"
"186","CC1=C(C(=O)[O-])[NH+]2C(=O)C(NC(=O)C([NH3+])c3ccccc3)C2SC1","12 days"
"187","CC1=CC(=O)[NH+](Cc2cccc(C[NH+]3C(=O)C=C(C)C3=O)c2)C1=O","2.9 days"
"188","CC1=CCC(C(C)C)=CC1","19 days"
"189","CC1C=CCC2C(=O)OC(=O)C12","0.0078 day"
"190","CC1CC(=O)O1","0.015 day"
"191","CC1CC(OC(=O)c2ccccc2O)CC(C)(C)C1","9 days"
"192","CC1CCC(C(C)C)C(OC(=O)C(C)O)C1","> 1 year"
"193","CC1CCC(C(C)C)C(OC(=O)OCCO)C1","310 days"
"194","CC1CCC(C(C)C)C(OCC(O)CO)C1","> 1 year"
"195","CC1CCCC[NH+]1CCCOC(=O)c1ccc(Cl)c(Cl)c1","16 days"
"196","CC1CN(c2ccccc2)[N-]C1=O","38 days"
"197","CC1CO1","11 days"
"198","CC1COC(=O)O1","25 days"
"199","CC1COc2ccccc2[NH+]1C(=O)C(Cl)Cl","56 days"
"200","CC1C[NH2+]1","3.6 days"
"201","CC=C(C)C(=O)OC1CC(OC(C)=O)C2(C(=O)OC)COC3C2C12COC(O)(C(=O)OC)C2C(C)(C12OC1(C)C1CC2OC2OC=CC21O)C3O","12 days"
"202","CC=C(C)C(=O)OC1CC[NH+]2CC=C(COC(=O)C(O)(C(C)OC)C(C)(C)O)C12","> 1 year"
"203","CC=CC(=O)C1C(C)C=CCC1(C)C","330 days"
"204","CC=CC(=O)OC(=O)C=CC","0.018 day"
"205","CC=CC(=O)Oc1c([N+](=O)[O-])cc([N+](=O)[O-])cc1C(C)(C)CC(C)(C)C","2.3 days"
"206","CC=CC1C(C(=O)OCc2c(F)c(F)c(COC)c(F)c2F)C1(C)C","> 1 year"
"207","CC=CC=CC(=O)OCCC[Si](OC)(OC)OC","0.2 day"
"208","CC=COC1CCC(OC=CC)CC1","1.1 days"
"209","CCBr","22 days"
"210","CCC(=O)Nc1ccc(Cl)c(Cl)c1","> 1 year"
"211","CCC(=O)OCCc1ccccc1","38 days"
"212","CCC(C)(C)C1CCCCC1OC(C)=O","1.8 days"
"213","CCC(C)(C)OOC(C)(C)CC","> 1 year"
"214","CCC(C)(C)OOC(C)(CC)OOC(C)(C)CC","4.5 days"
"215","CCC(C)(C)OOC1(OC)CCCCC1","32 days"
"216","CCC(C)(C)OOC1(OOC(C)(C)CC)CCCCC1","3.3 days"
"217","CCC(C)(OOC(C)(C)C)OOC(C)(C)C","74 days"
"218","CCC(C)Cl","2.8 days"
"219","CCC(C)OC(=O)OOC(=O)OC(C)CC","0.16 day"
"220","CCC(O)COC1CCCCC1C(C)(C)C","27 days"
"221","CCC1(C)OOC(C)(CC)OOC(C)(CC)OO1","0.33 day"
"222","CCC12CCC3C4=C(CCC3C1CCC2=O)CC(OC)=CC4","0.36 day"
"223","CCC12CCC3C4=C(CCC3C1CCC2O)CC(OC)=CC4","1.2 days"
"224","CCC12COC[NH+]1COC2","0.067 day"
"225","CCC1OC(=O)CC(O)C(C)C(OC2OC(C)C(OC3CC(C)(O)C(O)C(C)O3)C([NH+](C)C)C2O)C(CC=O)CC(C)C(=O)C=CC(C)=CC1COC1OC(C)C(O)C(OC)C1OC","> 1 year"
"226","CCCC(Br)CC","0.48 day"
"227","CCCC1COC(Cn2cncn2)(c2ccc(Cl)cc2Cl)O1","> 1 year"
"228","CCCCBr","23 days"
"229","CCCCC(=O)OC","320 days"
"230","CCCCC(=O)OC(=O)CCCC","0.0097 day"
"231","CCCCC(=O)OCC(=O)C1C(C)CC2C3CC(F)C4=CC(=O)C=CC4(C)C34OC4CC21C","300 days"
"232","CCCCC(=O)OCC(=O)C1C(C)CC2C3CC(F)C4=CC(=O)C=CC4(C)C3C(O)CC21C","> 1 year"
"233","CCCCC(=O)OCCc1ccccc1","38 days"
"234","CCCCC(C#N)(Cn1cncn1)c1ccc(Cl)cc1","> 1 year"
"235","CCCCC(C#N)c1ccccc1","15 days"
"236","CCCCC(CC)C(=O)OOC(C)(C)C","2.8 days"
"237","CCCCC(CC)C(=O)OOC(C)(C)CC","7.8 days"
"238","CCCCC(CC)COC(=O)CCS","8.6 days"
"239","CCCCC(CC)COC(=O)OOC(C)(C)C","3.7 days"
"240","CCCCC(CC)COP(=O)(Oc1ccccc1)Oc1ccccc1","110 days"
"241","CCCCC(CC)CO[N+](=O)[O-]","6.5 days"
"242","CCCCC1=[NH+]C2(CCCC2)C(=O)N1Cc1ccc(-c2ccccc2C#N)cc1","3.7 days"
"243","CCCCCC(=O)OC(=O)CCCCC","0.0049 day"
"244","CCCCCC=CCC1CC(=O)OC1=O","0.0028 day"
"245","CCCCCCBr","41 days"
"246","CCCCCCC(=O)OC(=O)CCCCCC","0.062 day"
"247","CCCCCCC(C)OC(=O)COc1nc(F)c(Cl)c(N)c1Cl","> 1 year"
"248","CCCCCCCBr","69 days"
"249","CCCCCCCC(=O)Oc1c(Br)cc(C#N)cc1Br","16 days"
"250","CCCCCCCC(=O)SCCC[Si](OCC)(OCC)OCC","1.9 days"
"251","CCCCCCCCC(C)C=O","52 days"
"252","CCCCCCCCCC(=O)OOC(=O)CCCCCCCCC","34 days"
"253","CCCCCCCCCC(C)C1OCC2COC(C(C)CCCCCCCCC)[NH+]21","4 days"
"254","CCCCCCCCCC=CCC1CC(=O)OC1=O","0.024 day"
"255","CCCCCCCCCCCC(=O)OCC(C)(C)C=NCC1(C)CC(N=CC(C)(C)COC(=O)CCCCCCCCCCC)CC(C)(C)C1","0.069 day"
"256","CCCCCCCCCCCC(=O)OCC(C)(C)C=NCCCCCCN=CC(C)(C)COC(=O)CCCCCCCCCCC","0.069 day"
"257","CCCCCCCCCCCC(=O)OCC(C)(C)C=NCCOCCO","0.069 day"
"258","CCCCCCCCCCCCC1CC(=O)[NH+](C2CC(C)(C)[NH+](C(C)=O)C(C)(C)C2)C1=O","> 1 year"
"259","CCCCCCCCCCCCCCCCOC(=O)Oc1c(Cl)cc(C(=O)OCC)cc1Cl","9.1 days"
"260","CCCCCCCCCCCC[S+](CC)C(C)CC#N","0.00052 day"
"261","CCCCCCCCOC(=O)c1ccccc1C(=O)OCCCCCCCC","> 1 year"
"262","CCCCCCCC[Si](C)(O[Si](C)(C)C)O[Si](C)(C)C","22 days"
"263","CCCCCCOC(=O)C=CC(=O)OCCCCCC","34 days"
"264","CCCCCl","13 days"
"265","CCCCNC(=O)n1c(NC(=O)OC)nc2ccccc21","0.063 day"
"266","CCCCOC(=O)C(C)Oc1ccc(Oc2ccc(C(F)(F)F)cn2)cc1","78 days"
"267","CCCCOC(=O)C1CCCCC1C(=O)OCc1ccccc1","74 days"
"268","CCCCOC(=O)CC(SP(=S)(OCCC)OCCC)C(=O)OCCCC","0.6 day"
"269","CCCCOC(=O)CCCCC(=O)OCCCC","> 1 year"
"270","CCCCOC(=O)Cl","0.0038 day"
"271","CCCCOC(=O)c1ccc(C(=O)OCCCC)cc1","69 days"
"272","CCCCOC(=O)c1ccccc1C(=O)OCCCC","> 1 year"
"273","CCCCOCCOP(=O)(OCCOCCCC)OCCOCCCC","> 1 year"
"274","CCCCOCCO[Si](OCCOCCCC)(OCCOCCCC)OCCOCCCC","0.18 day"
"275","CCCCO[Si](C)(C)OCCCC","0.058 day"
"276","CCCCSP(=O)(SCCCC)SCCCC","> 1 year"
"277","CCCC[NH+](CCCC)S[NH+](C)C(=O)Oc1cccc2c1OC(C)(C)C2","6.4 days"
"278","CCCC[NH2+]P(N)(N)=S","81 days"
"279","CCCOC(=O)C(C)=C[Si](C)(C)Cl","0.098 day"
"280","CCCOC(=O)Cl","0.012 day"
"281","CCCOC(=O)NCCC[NH+](C)C","> 1 year"
"282","CCCOC(=O)c1cc(O)c(O)c(O)c1","5.9 days"
"283","CCCO[Si](OCCC)(OCCC)OCCC","0.28 day"
"284","CCCSC(=O)Cl","2.6e-12 day"
"285","CCCSP(=O)(OCC)Oc1cnn(-c2ccc(Cl)cc2)c1","27 days"
"286","CCC[Si](Cl)(Cl)Cl","0.092 day"
"287","CCC[Si](OCC)(OCC)OCC","0.7 day"
"288","CCI","38 days"
"289","CCN(CC)c1nc(C)cc(OP(=S)(OC)OC)n1","120 days"
"290","CCN(CCCl)c1ccc(C=CC2=[N+](C)c3ccccc3C2(C)C)c(C)c1","> 1 year"
"291","CCN(Cc1c(F)cccc1Cl)c1c([N+](=O)[O-])cc(C(F)(F)F)cc1[N+](=O)[O-]","> 1 year"
"292","CCNC(=O)C(C)OC(=O)Nc1ccccc1","> 1 year"
"293","CCNc1cc2[o+]c3cc(NCC)c(C)cc3c(-c3ccccc3C(=O)OC)c2cc1C","190 days"
"294","CCNc1nc(Cl)nc(NC(C)(C)C#N)n1","> 1 year"
"295","CCNc1nc(Cl)nc([NH2+]C(C)C)n1","> 1 year"
"296","CCOC(=O)C(F)(F)F","0.0024 day"
"297","CCOC(=O)C1=NOC(c2ccccc2)(c2ccccc2)C1","2.3 days"
"298","CCOC(=O)C1CC(=O)C(=C(O)C2CC2)C(=O)C1","> 1 year"
"299","CCOC(=O)C1CC(=O)[N-]N1c1ncccc1Cl","49 days"
"300","CCOC(=O)CC(SP(=S)(OC)OC)C(=O)OCC","6.3 days"
"301","CCOC(=O)CC[NH+](S[NH+](C)C(=O)Oc1cccc2c1OC(C)(C)C2)C(C)C","16 days"
"302","CCOC(=O)CO","79 days"
"303","CCOC(=O)COC","58 days"
"304","CCOC(=O)Cl","0.018 day"
"305","CCOC(=O)NCCOc1ccc(Oc2ccccc2)cc1","> 1 year"
"306","CCOC(=O)Nc1cccc(OC(=O)Nc2ccccc2)c1","0.55 day"
"307","CCOC(=O)OC1=C(c2cc(C)ccc2C)C(=O)NC12CCC(OC)CC2","7.5 days"
"308","CCOC(=O)[NH+](C)C","> 1 year"
"309","CCOC(=O)[NH+](C)N=O","1 days"
"310","CCOC(=O)c1ccc([NH+]=CN(C)c2ccccc2)cc1","0.5 day"
"311","CCOC(=O)c1ccccc1","> 1 year"
"312","CCOC(=O)c1ccccc1C(=O)OCC","> 1 year"
"313","CCOC(=O)c1cnn(C)c1S(=O)(=O)[N-]C(=O)Nc1nc(OC)cc(OC)n1","37 days"
"314","CCOC(=O)c1nn(-c2ccc(OC)cc2)c2c1CCN(c1ccc(N3CCCCC3=O)cc1)C2=O","260 days"
"315","CCOC(=O)c1nn(-c2ccc(OC)cc2)c2c1CCN(c1ccc([N+](=O)[O-])cc1)C2=O","240 days"
"316","CCOC(C)=O","> 1 year"
"317","CCOC(C)OC1CCCCCCCCCCC1","5.9 days"
"318","CCOC(C)OCCc1ccccc1","55 days"
"319","CCOC(N)=O","> 1 year"
"320","CCOCC1CCCO1","> 1 year"
"321","CCON=C(CC)C1=C([O-])CC(c2c(C)cc(C)cc2C)CC1=O","110 days"
"322","CCOP(=O)(C[NH+](CCO)CCO)OCC","26 days"
"323","CCOP(=O)(O)C(N)=O","> 1 year"
"324","CCOP(=O)(OCC)OC(=CCl)c1ccc(Cl)cc1Cl","86 days"
"325","CCOP(=O)(OCC)OCC","> 1 year"
"326","CCOP(=O)(OCC)OP(=O)(OCC)OCC","0.31 day"
"327","CCOP(=O)(OCC)OP(=O)(OCC)OP(=O)(OCC)OP(=O)(OCC)OCC","0.31 day"
"328","CCOP(=O)([NH2+]C(C)C)Oc1ccc(SC)c(C)c1","300 days"
"329","CCOP(=S)(CC)Sc1ccccc1","> 1 year"
"330","CCOP(=S)(OCC)OC(Cl)C(Cl)(Cl)Cl","58 days"
"331","CCOP(=S)(OCC)OCC","> 1 year"
"332","CCOP(=S)(OCC)Oc1cnccn1","29 days"
"333","CCOP(=S)(OCC)Oc1nc(Cl)n(C(C)C)n1","51 days"
"334","CCOP(=S)(OCC)Oc1ncn(-c2ccccc2)n1","45 days"
"335","CCOP(=S)(OCC)SCC","> 1 year"
"336","CCOP(=S)(OCC)SCCSCC","100 days"
"337","CCOP(=S)(OCC)SCSC(C)(C)C","1.9 days"
"338","CCOP(=S)(OCC)SCSCC","3.6 days"
"339","CCOS(=O)(=O)OCC","0.071 day"
"340","CCOS(C)(=O)=O","1.9 days"
"341","CCO[Si](C)(CCCOCC1CO1)OCC","1.5 days"
"342","CCO[Si](CCC#N)(OCC)OCC","0.18 day"
"343","CCO[Si](CCC(F)(F)C(F)(F)C(F)(F)C(F)(F)C(F)(F)C(F)(F)F)(OCC)OCC","0.34 day"
"344","CCO[Si](CCCN=C=O)(OCC)OCC","0.0022 day"
"345","CCO[Si](CCCOCC1CO1)(OCC)OCC","1.5 days"
"346","CCO[Si](CCCS)(OCC)OCC","0.91 day"
"347","CCO[Si](CCCSC#N)(OCC)OCC","0.96 day"
"348","CCO[Si](CCC[NH2+]CCC[Si](OCC)(OCC)OCC)(OCC)OCC","0.26 day"
"349","CCO[Si](CCC[NH3+])(OCC)OCC","0.0022 day"
"350","CCO[Si](OCC)(OCC)OCC","0.18 day"
"351","CCOc1ccc(B(O)O)c(F)c1F","26 days"
"352","CCOc1cccc(F)c1F","3.5 days"
"353","CCOc1nc(NC)nc(NC(=O)[N-]S(=O)(=O)c2ccccc2C(=O)OC)n1","> 1 year"
"354","CCS(=O)(=O)c1cccnc1S(=O)(=O)[N-]C(=O)Nc1nc(OC)cc(OC)n1","7.5 days"
"355","CCS(=O)(=O)c1nc2ccccn2c1S(=O)(=O)[N-]C(=O)Nc1nc(OC)cc(OC)n1","160 days"
"356","CCS(=O)CCSP(=O)(OC)OC","38 days"
"357","CCSC(=O)Cl","2.8e-12 day"
"358","CCSC(=O)[NH+](CC(C)C)CC(C)C","> 1 year"
"359","CCSC(C)CC1CC(=O)C(C(CC)=NOCC=CCl)=C([O-])C1","300 days"
"360","CCSCc1ccccc1OC(=O)NC","3.9 days"
"361","CCSc1nc([NH2+]C(C)C)nc([NH2+]C(C)C)n1","> 1 year"
"362","CC[NH+](N=O)C(N)=O","0.04 day"
"363","CC[NH+]1CC[NH+](C(=O)NC(C(=O)NC2C(=O)[NH+]3C2SC(C)(C)C3C(=O)[O-])c2ccccc2)C(=O)C1=O","6.2 days"
"364","CC[NH+]1OCC(NC(=O)c2ccc(C3=NOC(c4cc(Cl)c(F)c(Cl)c4)(C(F)(F)F)C3)cc2C)C1=O","260 days"
"365","CC[NH2+]C(=O)NC(=O)C(C#N)=NOC","1.4 days"
"366","CC[Si](CC)CC","13 days"
"367","CC[Si](ON=C(C)C)(ON=C(C)C)ON=C(C)C","0.031 day"
"368","CCc1cccc(C)c1[NH+](C(=O)CCl)C(C)COC","> 1 year"
"369","CCc1cnc(C2=[NH+]C(C)(C(C)C)C(=O)N2)c(C(=O)[O-])c1","> 1 year"
"370","CCl","> 1 year"
"371","CCn1c(O)c(C(N)=O)c(C)c(N=Nc2cc(Nc3nc(Cl)nc(Nc4ccc(S(=O)(=O)CCOS(=O)(=O)[O-])cc4)n3)ccc2S(=O)(=O)[O-])c1=O","10 days"
"372","CF","> 1 year"
"373","CI","110 days"
"374","CN(C)c1ccc(C(=N)c2ccc(N(C)C)cc2)cc1","74 days"
"375","CN(C)c1ccc(C(=O)Cl)cc1","8e-11 day"
"376","CN(C)c1ccc(C(=O)F)cc1","0.0023 day"
"377","CN(C)c1nc(=O)n(C2CCCCC2)c(=O)n1C","> 1 year"
"378","CN1COC[NH+]=C1N[N+](=O)[O-]","> 1 year"
"379","CN=C(O)C=C(C)OP(=O)(OC)OC","110 days"
"380","CN=C=O","0.0062 day"
"381","CN=C=S","43 days"
"382","CNC(=O)ON=C(SC)C(=O)[NH+](C)C","7.9 days"
"383","CNC(=O)Oc1cc(C)c(N(C)C)c(C)c1","11 days"
"384","CNC(=O)Oc1cc(C)c(SC)c(C)c1","26 days"
"385","CNC(=O)Oc1cccc2c1OC(C)(C)C2","24 days"
"386","CNC(=O)Oc1cccc2c1OC(C)(C)O2","2.7 days"
"387","CNC(=O)Oc1cccc2ccccc12","9.8 days"
"388","CNC(C)=O","> 1 year"
"389","CNc1cnn(-c2cccc(C(F)(F)F)c2)c(=O)c1Cl","> 1 year"
"390","COC(=O)C(=Cc1ccc(OC)cc1)C(=O)OC","31 days"
"391","COC(=O)C(=O)c1ccccc1","0.067 day"
"392","COC(=O)C(C)(C)c1ccc(Br)cc1","55 days"
"393","COC(=O)C(C)Oc1ccc(O)cc1","27 days"
"394","COC(=O)C(C)Oc1ccc(Oc2ccc(Cl)cc2Cl)cc1","32 days"
"395","COC(=O)C(C)Oc1ccc(Oc2ncc(C(F)(F)F)cc2Cl)cc1","12 days"
"396","COC(=O)C(F)(F)F","0.0017 day"
"397","COC(=O)C1C(C)C=CCC1(C)C","180 days"
"398","COC(=O)C1C2CC3c4[nH]c5cc(OC)ccc5c4CC[NH+]3CC2CC(OC(=O)c2cc(OC)c(OC)c(OC)c2)C1OC","> 1 year"
"399","COC(=O)C1CC(=O)C(C(=O)OC)CC1=O","2.8 days"
"400","COC(=O)C=CC(=O)OC","82 days"
"401","COC(=O)CC(NC(=O)C(NC(=O)OC(C)C)C(C)C)c1ccc(Cl)cc1","55 days"
"402","COC(=O)CCS","20 days"
"403","COC(=O)COc1ccc(Cl)cc1Cl","7 days"
"404","COC(=O)COc1nc(F)c(Cl)c(N)c1Cl","4.8 days"
"405","COC(=O)Cl","0.01 day"
"406","COC(=O)NC(=S)Nc1ccccc1NC(=S)NC(=O)OC","36 days"
"407","COC(=O)Nc1cccc(OC(=O)Nc2cccc(C)c2)c1","0.61 day"
"408","COC(=O)Nc1nc2ccccc2[nH]1","> 1 year"
"409","COC(=O)c1c(Cl)nn(C)c1S(=O)(=O)[N-]C(=O)Nc1nc(OC)cc(OC)n1","16 days"
"410","COC(=O)c1cc(C(=O)OC)cc(S(=O)(=O)[O-])c1","69 days"
"411","COC(=O)c1cc(Cl)ccc1Cl","> 1 year"
"412","COC(=O)c1ccc(C#N)cc1[N+](=O)[O-]","35 days"
"413","COC(=O)c1ccc(C(F)(F)F)nc1S(=O)(=O)[N-]C(=O)Nc1nc(OC)cc(OC)n1","7 days"
"414","COC(=O)c1ccc2cc(C(=O)OC)ccc2c1","100 days"
"415","COC(=O)c1cccc(C)c1S(=O)(=O)[N-]C(=O)Nc1nc(OCC(F)(F)F)nc(N(C)C)n1","32 days"
"416","COC(=O)c1ccccc1C(=O)c1ccccc1","71 days"
"417","COC(=O)c1ccccc1CS(=O)(=O)[N-]C(=O)Nc1nc(OC)cc(OC)n1","> 1 year"
"418","COC(=O)c1ccccc1S(=O)(=O)[N-]C(=O)Nc1nc(OC(F)F)cc(OC(F)F)n1","> 1 year"
"419","COC(=O)c1ccccc1S(=O)(=O)[N-]C(=O)[NH+](C)c1nc(C)nc(OC)n1","14 days"
"420","COC(=O)c1csc(C)c1S(=O)(=O)[N-]C(=O)n1nc(OC)n(C)c1=O","110 days"
"421","COC(=O)c1sccc1S(=O)(=O)[N-]C(=O)Nc1nc(C)nc(OC)n1","170 days"
"422","COC(C)(C)CC(C)(C#N)N=NC(C)(C#N)CC(C)(C)OC","7.2 days"
"423","COC(C)=O","> 1 year"
"424","COC1(NC(=O)Cc2cccs2)C(=O)[NH+]2C(C(=O)[O-])=C(COC(N)=O)CSC21","9.3 days"
"425","COC1(OC)CCC2=C(CCC3C2CCC2(C)C(=O)CCC32)C1","1.1 days"
"426","COC1C(O)CC(=O)OC(C)CC=CC=CC(OC2CCC([NH+](C)C)C(C)O2)C(C)CC(CC=O)C1OC1OC(C)C(OC2CC(C)(O)C(O)C(C)O2)C([NH+](C)C)C1O","> 1 year"
"427","COC1OCC2OC(=O)CC21","320 days"
"428","COC=C(C(=O)OC)c1ccccc1CCl","3.2 days"
"429","COC=O","1.2 days"
"430","COCC(=O)Nc1c(I)c(C(=O)Cl)c(I)c(C(=O)NCC(COC(C)=O)OC(C)=O)c1I","0.0016 day"
"431","COCC(=O)[NH+](c1c(C)cccc1C)C(C)C(=O)OC","> 1 year"
"432","COCC1=C(C(=O)[O-])[NH+]2C(=O)C([NH3+])C2SC1","88 days"
"433","COCCCCC(=O)c1ccc(C(F)(F)F)cc1","38 days"
"434","COCCOCCC[Si](C)(O[Si](C)(C)C)O[Si](C)(C)C","50 days"
"435","COCCOCCO[Si](CCCOCC1CO1)(OCCOCCOC)OCCOCCOC","0.5 day"
"436","COCCOc1ccccc1S(=O)(=O)[N-]C(=O)Nc1nc(OC)nc(OC)n1","> 1 year"
"437","COCCc1ccccc1","38 days"
"438","COCCl","0.0014 day"
"439","CON=C(C(=O)NC1C(=O)[NH+]2C(C(=O)[O-])=C(COC(N)=O)CSC12)c1ccco1","8 days"
"440","CON=C(C(=O)NC1C(=O)[NH+]2C(C(=O)[O-])=C(CSc3nc(=O)c(=O)[nH]n3C)CSC12)c1csc(N)n1","64 days"
"441","CON=C(C(=O)OC)c1ccccc1CCl","6.7 days"
"442","CON=C(C(=O)OC)c1ccccc1COc1ccccc1C","34 days"
"443","COOP(=O)(OOC)OC(=CCl)c1cc(Cl)c(Cl)cc1Cl","58 days"
"444","COP(=O)(OC)C(O)C(Cl)(Cl)Cl","1.4 days"
"445","COP(=O)(OC)OC(Br)C(Cl)(Cl)Br","0.64 day"
"446","COP(=O)(OC)OC(C)=CC(=O)[NH+](C)C","72 days"
"447","COP(=O)(OC)OC=C(Cl)Cl","0.99 day"
"448","COP(=S)(OC)Oc1c(Cl)cc(C)cc1Cl","33 days"
"449","COP(=S)(OC)Oc1ccc(S(=O)(=O)[NH+](C)C)cc1","120 days"
"450","COP(=S)(OC)Oc1ccc(Sc2ccc(OP(=S)(OC)OC)cc2)cc1","> 1 year"
"451","COP(=S)(OC)Oc1ccc([N+](=O)[O-])c(C)c1","140 days"
"452","COP(=S)(OC)Oc1ccc([N+](=O)[O-])cc1","41 days"
"453","COP(=S)(OC)SC[NH+]1C(=O)c2ccccc2C1=O","0.4 day"
"454","COP(N)(=O)SC","28 days"
"455","COS(=O)(=O)OC","0.00083 day"
"456","CO[NH+](C)C(=O)Nc1ccc(Cl)c(Cl)c1","> 1 year"
"457","CO[NH+](C)C(=O)Nc1ccc(Cl)cc1","> 1 year"
"458","CO[NH2+]C(C)Cc1c(Cl)cc(Cl)cc1Cl","160 days"
"459","CO[SiH](CC1CCCCC1)OC","0.79 day"
"460","CO[Si](C)(OC)OC","0.092 day"
"461","CO[Si](CCC#N)(OC)OC","0.18 day"
"462","CO[Si](CCC(F)(F)C(F)(F)C(F)(F)C(F)(F)C(F)(F)C(F)(F)F)(OC)OC","0.34 day"
"463","CO[Si](CCCCCC[Si](OC)(OC)OC)(OC)OC","0.22 day"
"464","CO[Si](CCCCl)(OC)OC","0.13 day"
"465","CO[Si](CCCN=C=O)(OC)OC","0.0022 day"
"466","CO[Si](CCCNC(=O)OCCCCCCOC(=O)NCCC[Si](OC)(OC)OC)(OC)OC","0.21 day"
"467","CO[Si](CCCOCC1CO1)(OC)OC","1.4 days"
"468","CO[Si](CCC[NH2+]C1CCCCC1)(OC)OC","0.0028 day"
"469","CO[Si](CCCn1c(=O)n(CCC[Si](OC)(OC)OC)c(=O)n(CCC[Si](OC)(OC)OC)c1=O)(OC)OC","0.077 day"
"470","CO[Si](OC)(C1CCCC1)C1CCCC1","0.79 day"
"471","COc1c(Cl)ccc(Cl)c1C(=O)[O-]","> 1 year"
"472","COc1cc(Cl)c(OC)cc1Cl","> 1 year"
"473","COc1cc(NS(=O)(=O)c2ccc(N)cc2)nc(OC)n1","> 1 year"
"474","COc1cc(OC)nc(NC(=O)N=S(=O)(O)c2ncccc2OCC(F)(F)F)n1","20 days"
"475","COc1cc(OC)nc(NC(=O)[N-]S(=O)(=O)C2C(Cl)=NC3=CC=CC[NH+]32)n1","> 1 year"
"476","COc1cc(OC)nc(NC(=O)[N-]S(=O)(=O)Nc2ccccc2C(=O)[NH+](C)C)n1","26 days"
"477","COc1cc(OC)nc(NC(=O)[N-]S(=O)(=O)[NH+](C)S(C)(=O)=O)n1","> 1 year"
"478","COc1cc(OC)nc(NC(=O)[N-]S(=O)(=O)c2c(-c3nnn(C)n3)cnn2C)n1","130 days"
"479","COc1cc(OC)nc(NC(=O)[N-]S(=O)(=O)c2cc(NC=O)ccc2C(=O)[NH+](C)C)n1","130 days"
"480","COc1cc(OC)nc(NC(=O)[N-]S(=O)(=O)c2ncccc2C(=O)[NH+](C)C)n1","> 1 year"
"481","COc1cc(OC)nc(NC(=O)[N-]S(=O)(=O)c2ncccc2C(F)(F)F)n1","12 days"
"482","COc1cc(OC)nc(Sc2cccc(Cl)c2C(=O)[O-])n1","> 1 year"
"483","COc1cc(S(=O)(=O)CCOS(=O)(=O)[O-])c(C)cc1N=NC1C(=O)N(c2ccc(S(=O)(=O)[O-])cc2)N=C1C","3.9 days"
"484","COc1cc2c(cc1OC)C13CC[NH+]4CC5=CCOC6CC(=O)[NH+]2C1C6C5CC43","> 1 year"
"485","COc1ccc(-c2ccccc2)cc1N[N-]C(=O)OC(C)C","0.8 day"
"486","COc1ccc(C(=O)F)cc1","0.028 day"
"487","COc1ccc(C(c2ccc(OC)cc2)C(Cl)(Cl)Cl)cc1","> 1 year"
"488","COc1ccc(COC(=O)C(F)(F)F)cc1","0.00044 day"
"489","COc1ccc(N=Nc2cc(N=Nc3ccc(S(=O)(=O)CCOS(=O)(=O)[O-])cc3S(=O)(=O)[O-])c(N)c(N=Nc3ccc(S(=O)(=O)CCOS(=O)(=O)[O-])cc3S(=O)(=O)[O-])c2N)c(S(=O)(=O)[O-])c1","8.5 days"
"490","COc1ccc(S(=O)(=O)CCOS(=O)(=O)[O-])cc1NN=C1C(=O)c2c(cc(S(=O)(=O)[O-])c(N=Nc3ccc(S(=O)(=O)CCOS(=O)(=O)[O-])cc3)c2N)C=C1S(=O)(=O)[O-]","1.9 days"
"491","COc1ccc(S(=O)(=O)Cl)cc1","0.0012 day"
"492","COc1ccc2cc(C(C)C(=O)[O-])ccc2c1","> 1 year"
"493","COc1cccc(C(=O)Cl)c1","1.3e-05 day"
"494","COc1cccc(C(=O)F)c1","0.0024 day"
"495","COc1cccc(C2(O)CCCCC2C[NH+](C)C)c1","> 1 year"
"496","COc1cccc2c1C(=O)c1c(O)c3c(c(O)c1C2=O)CC(O)(C(C)=O)CC3OC1CC([NH3+])C(O)C(C)O1","300 days"
"497","COc1ccnc(C(=O)NC2COC(=O)C(Cc3ccccc3)C(OC(=O)C(C)C)C(C)OC2=O)c1O","0.22 day"
"498","COc1nc(C)nc(NC(=O)[N-]S(=O)(=O)c2ccccc2CCC(F)(F)F)n1","> 1 year"
"499","COc1nc(C)nc(NC(=O)[N-]S(=O)(=O)c2ccccc2Cl)n1","> 1 year"
"500","COc1nc([NH2+]C(C)C)nc([NH2+]C(C)C)n1","> 1 year"
"501","CP(=O)(Oc1ccccc1)Oc1ccccc1","150 days"
"502","CP1(=O)OCC2(CO1)COP(C)(=O)OC2","2.6 days"
"503","CS(=O)(=O)c1ccc(C(=O)C2=C(Sc3ccccc3)C3CCC(C3)C2=O)c(Cl)c1","0.64 day"
"504","CS(=O)(=O)c1ccc(C(O)C(CF)NC(=O)C(Cl)Cl)cc1","> 1 year"
"505","CSC(=O)Cl","1.1e-11 day"
"506","CSC(C)=NOC(=O)[NH+](C)S[NH+](C)C(=O)ON=C(C)SC","31 days"
"507","CSCCC=O","75 days"
"508","CSc1nc([NH2+]C(C)C)nc([NH2+]C(C)C)n1","> 1 year"
"509","CSc1nnc(C(C)(C)C)c(=O)n1N","> 1 year"
"510","C[N+](C)(C)c1ccccc1","38 days"
"511","C[N+]1(CC(=O)[N-]N=Cc2ccccc2O)CCOCC1","28 days"
"512","C[NH+](C)C(=O)NCC1(C)CC(NC(=O)[NH+](C)C)CC(C)(C)C1","33 days"
"513","C[NH+](C)C(=O)Nc1ccc(Cl)c(Cl)c1","> 1 year"
"514","C[NH+](C)C(=O)Nc1cccc(C(F)(F)F)c1","> 1 year"
"515","C[NH+](C)C(=S)SC(=S)[NH+](C)C","180 days"
"516","C[NH+](C)C(=S)SSC(=S)[NH+](C)C","4.2 days"
"517","C[NH+](C)C(=S)[S-]","1.7 days"
"518","C[NH+](C)C=CC(=O)c1cccnc1","85 days"
"519","C[NH+](C)P(=O)(OP(=O)([NH+](C)C)[NH+](C)C)[NH+](C)C","> 1 year"
"520","C[NH+](N=O)C([NH3+])=N[N+](=O)[O-]","0.79 day"
"521","C[NH+]1COC[NH+](Cc2cnc(Cl)s2)C1=N[N+](=O)[O-]","> 1 year"
"522","C[NH2+]C(=S)[S-]","7.5 days"
"523","C[NH2+]C1C(O)C([NH2+]C)C2OC3(O)C(=O)CC(C)OC3OC2C1O","92 days"
"524","C[Si](C)(C)O[Si](C)(C)C","14 days"
"525","C[Si](C)(C)O[Si](C)(C)O[Si](C)(C)C","22 days"
"526","C[Si](C)(C)O[Si](C)(C)O[Si](C)(C)O[Si](C)(C)C","22 days"
"527","C[Si](C)(C)O[Si](C)(C)O[Si](C)(C)O[Si](C)(C)O[Si](C)(C)C","22 days"
"528","C[Si](C)(C)O[Si](C)(C)O[Si](C)(C)O[Si](C)(C)O[Si](C)(C)O[Si](C)(C)C","22 days"
"529","C[Si](C)(C)O[Si](C)(O[Si](C)(C)C)O[Si](C)(C)C","15 days"
"530","C[Si](C)(C)O[Si](O[Si](C)(C)C)(O[Si](C)(C)C)O[Si](C)(C)C","30 days"
"531","C[Si](C)(C)O[Si](O[Si](C)(C)C)(O[Si](C)(C)C)c1ccccc1","30 days"
"532","C[Si](C)(Cl)Cl","0.092 day"
"533","C[Si](C)(O[Si](C)(c1ccccc1)c1ccccc1)O[Si](C)(c1ccccc1)c1ccccc1","14 days"
"534","C[Si](C)O[Si](C)C","0.0078 day"
"535","C[Si](Cl)(Cl)CCC(F)(F)C(F)(F)C(F)(F)C(F)(F)C(F)(F)C(F)(F)F","0.34 day"
"536","C[Si](Cl)(Cl)CC[Si](C)(Cl)Cl","0.22 day"
"537","C[Si](Cn1cncn1)(c1ccc(F)cc1)c1ccc(F)cc1","> 1 year"
"538","C[Si](O[Si](C)(c1ccccc1)c1ccccc1)(O[Si](C)(c1ccccc1)c1ccccc1)c1ccccc1","14 days"
"539","C[Si]1(C)O[Si](C)(C)O[Si](C)(C)O[Si](C)(C)O1","2.9 days"
"540","C[Si]1(CCC(F)(F)F)O[Si](C)(CCC(F)(F)F)O[Si](C)(CCC(F)(F)F)O1","6 days"
"541","C[Si]1O[Si](C)O[Si](C)O[Si](C)O1","2.9 days"
"542","Cc1[nH]c(=O)n(C(C)(C)C)c(=O)c1Cl","> 1 year"
"543","Cc1cc(-c2ccc(N=C=O)c(C)c2)ccc1N=C=O","0.15 day"
"544","Cc1cc(=O)[nH]c(=S)[nH]1","> 1 year"
"545","Cc1cc(C)c(S(=O)(=O)Cl)c(C)c1","0.0023 day"
"546","Cc1cc(C)nc(NS(=O)(=O)c2ccc(N)cc2)n1","> 1 year"
"547","Cc1cc(Cl)ccc1OCCCC(=O)[O-]","> 1 year"
"548","Cc1cc(Cl)ccc1S(=O)(=O)Cl","0.0033 day"
"549","Cc1cc(NS(=O)(=O)c2ccc(N)cc2)no1","> 1 year"
"550","Cc1ccc(C(=O)F)cc1","0.011 day"
"551","Cc1ccc(C(=O)OOC(=O)c2ccc(C)cc2)cc1","0.38 day"
"552","Cc1ccc(C)c2c1C(=O)OC2=O","0.0081 day"
"553","Cc1ccc(C2OC(COC(=O)C(C)(C)C)C(OC(=O)C(C)(C)C)C(OC(=O)C(C)(C)C)C2OC(=O)C(C)(C)C)cc1Cc1ccc(-c2ccc(F)cc2)s1","7.2 days"
"554","Cc1ccc(CBr)cc1","0.003 day"
"555","Cc1ccc(CCl)cc1","0.018 day"
"556","Cc1ccc(COC(=O)C(F)(F)F)cc1","0.00073 day"
"557","Cc1ccc(N2C(=O)C=CC2=O)cc1N1C(=O)C=CC1=O","0.092 day"
"558","Cc1ccc(N=Nc2c(S(=O)(=O)[O-])cc3c(S(=O)(=O)[O-])c(Nc4nc(F)nc(N(C)CCS(=O)(=O)CCOS(=O)(=O)[O-])n4)ccc3c2O)c(S(=O)(=O)[O-])c1","3.4 days"
"559","Cc1ccc(NC(=O)[NH+](C)C)cc1NC(=O)[NH+](C)C","33 days"
"560","Cc1ccc(NC(=O)c2ccc(C[NH+]3CC[NH+](C)CC3)cc2)cc1[NH+]=C(N)N","> 1 year"
"561","Cc1ccc(S(=O)(=O)Cl)cc1","0.0019 day"
"562","Cc1ccc(S(=O)(=O)NCl)cc1","210 days"
"563","Cc1ccc(S(=O)(=O)NN)cc1","0.93 day"
"564","Cc1ccc([N+](=O)[O-])cc1S(=O)(=O)Cl","0.0036 day"
"565","Cc1ccc([NH+]=CN(C)C=[NH+]c2ccc(C)cc2C)c(C)c1","0.92 day"
"566","Cc1ccc2nc3sc(=O)sc3nc2c1","2 days"
"567","Cc1cccc(C(=O)[O-])c1S(=O)(=O)[N-]C(=O)Nc1nc(OCC(F)(F)F)nc(N(C)C)n1","32 days"
"568","Cc1ccccc1OCC1CO1","0.39 day"
"569","Cc1ccnc(NS(=O)(=O)c2ccc(N)cc2)n1","> 1 year"
"570","Cc1nnc(NS(=O)(=O)c2ccc(N)cc2)s1","> 1 year"
"571","Cc1noc(NS(=O)(=O)c2ccc(N)cc2)c1C","> 1 year"
"572","ClC(Cl)(Cl)C(Cl)(Cl)Cl","> 1 year"
"573","ClC(Cl)(Cl)Cl","> 1 year"
"574","ClC(Cl)(Cl)c1ccccc1","0.00022 day"
"575","ClC(Cl)=C(Cl)Cl","270 days"
"576","ClC(Cl)=C(c1ccc(Cl)cc1)c1ccccc1Cl","0.69 day"
"577","ClC(Cl)C(Cl)(Cl)Cl","3.7 days"
"578","ClC(Cl)Cl","> 1 year"
"579","ClC(Cl)c1ccccc1","0.0042 day"
"580","ClC1=C(Cl)C2(Cl)C3C(Cl)C(Cl)CC3C1(Cl)C2(Cl)Cl","> 1 year"
"581","ClC1=C(Cl)C2(Cl)C3C(Cl)C=CC3C1(Cl)C2(Cl)Cl","4.5 days"
"582","ClC1=C(Cl)C2(Cl)C3C4C=CC(C4)C3C1(Cl)C2(Cl)Cl","> 1 year"
"583","ClC1=C(Cl)C2(Cl)C3C4CC(C5OC45)C3C1(Cl)C2(Cl)Cl","> 1 year"
"584","ClC1=CC(Cl)C(Cl)C(Cl)C1Cl","> 1 year"
"585","ClC1C(Cl)C(Cl)C(Cl)C(Cl)C1Cl","210 days"
"586","ClC=C(Cl)Cl","330 days"
"587","ClC=CCCl","10 days"
"588","ClCC(Br)CBr","> 1 year"
"589","ClCC(Cl)CCl","> 1 year"
"590","ClCC=CCCl","3.5 days"
"591","ClCCCCl","> 1 year"
"592","ClCCCl","> 1 year"
"593","ClCCN(CCCl)c1ccc2ccccc2c1","9 days"
"594","ClCCOCCCl","> 1 year"
"595","ClCCl","> 1 year"
"596","ClCc1ccc(Cl)cc1","1.2 days"
"597","ClCc1ccc(Cl)nc1","16 days"
"598","ClCc1ccccc1","0.6 day"
"599","Cl[Si](Cl)(Cl)Cl","0.18 day"
"600","Cl[Si](Cl)(Cl)[Si](Cl)(Cl)[Si](Cl)(Cl)Cl","0.18 day"
"601","Cl[Si](Cl)Cl","0.18 day"
"602","Clc1c(Cl)c(Cl)c(Cl)c(Cl)c1Cl","> 1 year"
"603","Clc1cc(Cl)c(Cl)c(Cl)c1Cl","> 1 year"
"604","Clc1cc(Cl)c(Cl)cc1Cl","> 1 year"
"605","Clc1ccc(C(c2ccc(Cl)cc2)C(Cl)(Cl)Cl)cc1","0.69 day"
"606","Clc1ccc(C(c2ccc(Cl)cc2)C(Cl)Cl)cc1","> 1 year"
"607","Clc1ccc(C2OC2c2ccccc2)cc1","4.5 days"
"608","Clc1ccc(Cl)c(Cl)c1","> 1 year"
"609","Clc1ccc(Cl)cc1","> 1 year"
"610","Clc1ccc2ccccc2c1","> 1 year"
"611","Clc1cccc(C(Cl)(Cl)Cl)n1","7.2 days"
"612","Clc1cccc(Cl)c1","> 1 year"
"613","Clc1cccc(Cl)c1Cl","> 1 year"
"614","Clc1ccccc1","> 1 year"
"615","Clc1ccccc1Cl","> 1 year"
"616","Clc1nc(Cl)nc(Cl)n1","0.0024 day"
"617","Clc1nc(Cl)nc(Nc2ccccc2Cl)n1","19 days"
"618","Cn1cc(-c2ccccc2)c(=O)c(-c2cccc(C(F)(F)F)c2)c1","> 1 year"
"619","Cn1nc(C(F)F)c(C(=O)F)c1F","0.00071 day"
"620","FC(F)(F)C(F)(F)C(F)(F)C(F)(F)C(F)(F)C(F)(F)CC[Si](Cl)(Cl)Cl","0.34 day"
"621","FC(F)(F)C(F)(F)C(F)(F)C(F)(F)CC[SiH2]C(Cl)Cl","0.34 day"
"622","FC(F)=C(F)OC(F)(F)C(F)(F)C(F)(F)F","0.96 day"
"623","FC1CC(F)(F)C(F)(F)C1(F)F","100 days"
"624","Fc1c(Cl)ncnc1Cl","> 1 year"
"625","Fc1ccccc1CCl","1.1 days"
"626","N#CC(Br)(Br)Br","0.28 day"
"627","N#CC(Cl)(Br)Br","0.49 day"
"628","N#CC(Cl)(Cl)Br","0.37 day"
"629","N#CC(Cl)(Cl)Cl","0.03 day"
"630","N#CC(Cl)Cl","25 days"
"631","N#CC(O)c1cccc(Oc2ccccc2)c1","0.75 day"
"632","N#CCC#N","20 days"
"633","N#CCCCl","22 days"
"634","N#CC[NH+](CC#N)CCC[NH+](CC#N)CC#N","> 1 year"
"635","N#C[NH3+]","> 1 year"
"636","N#Cc1ccc(C(F)(F)F)cc1[N+](=O)[O-]","> 1 year"
"637","N#Cc1ccc(O)c(O)c1","130 days"
"638","N#Cc1ccc(S(=O)(=O)Cl)cc1","0.0038 day"
"639","N#Cc1nn(Cc2ccccc2F)c2ncc(F)cc12","> 1 year"
"640","N=[N+]=CC(=O)OCC([NH3+])C(=O)[O-]","99 days"
"641","NC(=O)C(Cl)(Cl)Cl","84 days"
"642","NC(=O)C(Cl)Cl","270 days"
"643","NC(=O)CCl","> 1 year"
"644","NC(=O)CF","> 1 year"
"645","NC(=O)N1c2ccccc2C=Cc2ccccc21","> 1 year"
"646","NC(=O)N=NC(N)=O","1.8 days"
"647","NC(=S)NC(N)=S","4.1 days"
"648","NC(=S)Nc1cccc2ccccc12","360 days"
"649","NC(=S)Nc1ccccc1Cl","> 1 year"
"650","NC(=[NH2+])c1nn(Cc2ccccc2F)c2ncc(F)cc12","> 1 year"
"651","NC(N)=[NH+]S(=O)(=O)c1ccc(N)cc1","> 1 year"
"652","NC1=[NH+]C(=[NH2+])c2ccccc21","2.2 days"
"653","NNS(=O)(=O)c1ccc(Oc2ccc(S(=O)(=O)NN)cc2)cc1","0.33 day"
"654","N[N-]C(=O)[N-]N","> 1 year"
"655","Nc1c(Cl)c(Cl)nc(C(=O)[O-])c1Cl","> 1 year"
"656","Nc1c(N=Nc2cc(Nc3nc(Cl)nc(Nc4cccc(S(=O)(=O)CCOS(=O)(=O)[O-])c4)n3)ccc2S(=O)(=O)[O-])c(S(=O)(=O)[O-])cc2cc(S(=O)(=O)[O-])c(N=Nc3ccc4c(S(=O)(=O)[O-])cccc4c3S(=O)(=O)[O-])c(O)c12","13 days"
"657","Nc1c(N=Nc2ccc(S(=O)(=O)CCOS(=O)(=O)[O-])cc2)cc(S(=O)(=O)[O-])c(N)c1N=Nc1ccc(S(=O)(=O)CCOS(=O)(=O)[O-])cc1","3.5 days"
"658","Nc1cc(Cl)cc(C(=O)[O-])c1Cl","> 1 year"
"659","Nc1ccc(Cc2ccc(N)c(Cl)c2)cc1Cl","> 1 year"
"660","Nc1ccc(S(=O)(=O)Nc2ccccn2)cc1","> 1 year"
"661","Nc1ccc(S(=O)(=O)Nc2nccs2)cc1","> 1 year"
"662","Nc1nc(-c2nn(Cc3ccccc3F)c3ncc(F)cc23)nc(N)c1N","42 days"
"663","O=C(C(F)(F)C(F)(F)F)C(F)(C(F)(F)F)C(F)(F)F","0.0017 day"
"664","O=C(CCCCC(=O)OCC1CCC2OC2C1)OCC1CCC2OC2C1","2.2 days"
"665","O=C(CCS)OCCOC(=O)CCS","8.6 days"
"666","O=C(CCl)C1(Cl)CC1","11 days"
"667","O=C(Cl)C(=O)Cl","1.7e-08 day"
"668","O=C(Cl)C(Cl)(Cl)Cl","1.4e-08 day"
"669","O=C(Cl)C(Cl)Cl","1.5e-08 day"
"670","O=C(Cl)CCC(=O)Cl","7.7e-07 day"
"671","O=C(Cl)CCl","8.4e-07 day"
"672","O=C(Cl)Cl","6.4e-07 day"
"673","O=C(Cl)Oc1ccccc1","6e-04 day"
"674","O=C(Cl)Sc1ccccc1","7.1e-11 day"
"675","O=C(Cl)c1ccc(C(=O)Cl)cc1","0.00026 day"
"676","O=C(Cl)c1ccc([N+](=O)[O-])cc1","0.00013 day"
"677","O=C(Cl)c1cccc(C(=O)Cl)c1","0.00039 day"
"678","O=C(Cl)c1cccc(C(F)(F)F)c1","0.00024 day"
"679","O=C(Cl)c1cccc(Cl)c1","0.00014 day"
"680","O=C(Cl)c1ccccc1","9.6e-05 day"
"681","O=C(F)c1ccc([N+](=O)[O-])cc1","0.00016 day"
"682","O=C(F)c1cccc(Cl)c1","0.00089 day"
"683","O=C(F)c1ccccc1","0.0045 day"
"684","O=C(NC(=O)c1c(F)cccc1F)Nc1cc(Cl)c(F)c(Cl)c1F","> 1 year"
"685","O=C(NC(=O)c1c(F)cccc1F)Nc1cc(Cl)c(OC(F)(F)C(F)C(F)(F)F)c(Cl)c1F","> 1 year"
"686","O=C(NC(=O)c1c(F)cccc1F)Nc1cc(Cl)c(OC(F)(F)C(F)C(F)(F)F)cc1Cl","> 1 year"
"687","O=C(NC(=O)c1c(F)cccc1F)Nc1ccc(Cl)c(Oc2ncc(C(F)(F)F)cc2Cl)c1","0.83 day"
"688","O=C(NC(=O)c1c(F)cccc1F)Nc1ccc(OC(F)(F)C(F)OC(F)(F)F)c(Cl)c1","> 1 year"
"689","O=C(NC(=O)c1c(F)cccc1F)Nc1ccc(Oc2ccc(C(F)(F)F)cc2Cl)cc1F","170 days"
"690","O=C(NC(=O)c1ccccc1Cl)Nc1ccc(OC(F)(F)F)cc1","> 1 year"
"691","O=C(NC(CO)C(O)c1ccc([N+](=O)[O-])cc1)C(Cl)Cl","> 1 year"
"692","O=C(Nc1ccc(Cc2ccc(NC(=O)[NH+]3CC3)cc2)cc1)[NH+]1CC1","0.21 day"
"693","O=C(Nc1ccc(Cl)cc1)Nc1ccc(Cl)c(C(F)(F)F)c1","> 1 year"
"694","O=C(Nc1ccc(Cl)cc1)Nc1ccc(Cl)c(Cl)c1","> 1 year"
"695","O=C(Nc1ccccc1)Nc1ccccc1NS(=O)(=O)c1ccccc1","> 1 year"
"696","O=C(Nc1ccccc1)[NH+](Cc1ccc(Cl)cc1)C1CCCC1","120 days"
"697","O=C(OC(=O)c1ccccc1)c1ccccc1","0.019 day"
"698","O=C(OCC1CO1)c1ccc(C(=O)OCC2CO2)c(C(=O)OCC2CO2)c1","2.4 days"
"699","O=C(OCC1CO1)c1ccc(C(=O)OCC2CO2)cc1","2.8 days"
"700","O=C(OCCc1ccccc1)c1ccccc1","38 days"
"701","O=C(OCc1ccc(Cl)cc1)C(F)(F)F","0.00043 day"
"702","O=C(OCc1ccc([N+](=O)[O-])cc1)C(F)(F)F","0.00018 day"
"703","O=C(OCc1ccccc1)C(F)(F)F","0.00058 day"
"704","O=C([NH2+]CCCCCC[NH2+]C(=O)S(=O)(=O)[O-])S(=O)(=O)[O-]","0.15 day"
"705","O=C([O-])C1=NN(c2ccc(S(=O)(=O)[O-])cc2)C(=O)C1N=Nc1ccc(S(=O)(=O)CCOS(=O)(=O)[O-])cc1","3.3 days"
"706","O=C([O-])CBr","150 days"
"707","O=C([O-])CCCc1ccc(N(CCCl)CCCl)cc1","0.071 day"
"708","O=C([O-])CF","> 1 year"
"709","O=C([O-])c1ccc[n+](-c2nc(NCCNc3ccc4c(c3S(=O)(=O)[O-])Oc3c(Cl)c5c(c(Cl)c3=N4)Oc3c(ccc(NCCNc4nc(Nc6cc(S(=O)(=O)[O-])ccc6S(=O)(=O)[O-])nc(-[n+]6cccc(C(=O)[O-])c6)n4)c3S(=O)(=O)[O-])N=5)nc(Nc3cc(S(=O)(=O)[O-])ccc3S(=O)(=O)[O-])n2)c1","100 days"
"710","O=C([O-])c1ccccc1C(=O)Nc1cccc2ccccc12","> 1 year"
"711","O=C([O-])c1ccccc1N1C(=O)c2ccccc2C1=O","0.8 day"
"712","O=C([O-])c1ccccc1SSc1ccccc1C(=O)[O-]","170 days"
"713","O=C([O-])c1nc(Cl)ccc1Cl","> 1 year"
"714","O=C1C2CC=CCC2C(=O)[NH+]1SC(Cl)(Cl)Cl","0.3 day"
"715","O=C1C=CC(=O)N1c1cccc(N2C(=O)C=CC2=O)c1","0.05 day"
"716","O=C1C=CC(=O)N1c1ccccc1","0.083 day"
"717","O=C1C=CC(=O)O1","0.00024 day"
"718","O=C1C=CC(=O)c2ccccc21","12 days"
"719","O=C1C=CC=C2C(=O)C([NH2+]Nc3cc(S(=O)(=O)[O-])ccc3O)=CC=C12","320 days"
"720","O=C1CCC(=O)O1","0.003 day"
"721","O=C1CCC2CCCCC2O1","17 days"
"722","O=C1CCCC(=O)O1","0.003 day"
"723","O=C1CCCCCN1","6.4 days"
"724","O=C1CCCCN1","2 days"
"725","O=C1CCCN1","8 days"
"726","O=C1CCN(c2ccccc2)[N-]1","38 days"
"727","O=C1CCN1","0.0072 day"
"728","O=C1CCO1","3.4 days"
"729","O=C1CN(N=Cc2ccc([N+](=O)[O-])o2)C(=O)[N-]1","120 days"
"730","O=C1Cc2ccccc2O1","0.38 day"
"731","O=C1OC(=O)C2CC=CCC12","0.0028 day"
"732","O=C1OC(=O)c2ccccc21","0.001 day"
"733","O=C1OC(C(O)CO)C([O-])=C1OP(=O)([O-])[O-]","> 1 year"
"734","O=C1c2ccccc2C(=O)[NH+]1SC(Cl)(Cl)Cl","0.041 day"
"735","O=C1c2ccccc2C(=O)[NH+]1SC1CCCCC1","0.97 day"
"736","O=C=Nc1ccc(Cc2ccc(N=C=O)cc2)cc1","0.00013 day"
"737","O=CCl","1.2e-08 day"
"738","O=P(OC(CCl)CCl)(OC(CCl)CCl)OC(CCl)CCl","> 1 year"
"739","O=P(OCC(Br)CBr)(OCC(Br)CBr)OCC(Br)CBr","> 1 year"
"740","O=P(OCC(Cl)(Cl)Cl)(OCC(Cl)(Cl)Cl)OCC(Cl)(Cl)Cl","16 days"
"741","O=P(OCC(Cl)CCl)(OCC(Cl)CCl)OCC(Cl)CCl","> 1 year"
"742","O=P(OCCCl)(OCCCl)OCCCl","> 1 year"
"743","O=P([O-])(O)CCCl","0.25 day"
"744","O=P1([NH+](CCCl)CCCl)[NH2+]CCCO1","41 days"
"745","O=S(=O)(CCOS(=O)(=O)[O-])CCN(c1ccccc1)c1nc(Cl)nc(Nc2ccc3c(O)c(N=Nc4ccc(N=Nc5ccc(S(=O)(=O)[O-])cc5)cc4S(=O)(=O)[O-])c(S(=O)(=O)[O-])cc3c2S(=O)(=O)[O-])n1","3.2 days"
"746","O=S(=O)(Cl)c1cc(Cl)c(Cl)cc1Cl","0.011 day"
"747","O=S(=O)(Cl)c1ccc(Br)cc1","0.0038 day"
"748","O=S(=O)(Cl)c1ccc(Cl)c(Cl)c1","0.0054 day"
"749","O=S(=O)(Cl)c1ccc(Cl)c(Cl)c1Cl","0.012 day"
"750","O=S(=O)(Cl)c1ccc(Cl)cc1","0.004 day"
"751","O=S(=O)(Cl)c1ccc(F)cc1","0.0047 day"
"752","O=S(=O)(Cl)c1ccc(I)cc1","0.0036 day"
"753","O=S(=O)(Cl)c1ccc2ccccc2c1","0.0028 day"
"754","O=S(=O)(Cl)c1cccc(Br)c1","0.0042 day"
"755","O=S(=O)(Cl)c1cccc(Cl)c1","0.0048 day"
"756","O=S(=O)(Cl)c1cccc(I)c1","0.0047 day"
"757","O=S(=O)(Cl)c1cccc(O)c1","0.0032 day"
"758","O=S(=O)(Cl)c1ccccc1","0.0027 day"
"759","O=S(=O)([O-])CC(O)CCl","35 days"
"760","O=S(=O)([O-])OCCS(=O)(=O)c1ccc(N=Nc2c(S(=O)(=O)[O-])cc3cc(Nc4nc(Cl)nc(Cl)n4)ccc3c2O)cc1","4.3 days"
"761","O=S(=O)([O-])OCCS(=O)(=O)c1ccc(Nc2nc(Cl)nc(Nc3cc(S(=O)(=O)[O-])cc4cc(S(=O)(=O)[O-])c(N=Nc5ccc6c(S(=O)(=O)[O-])cccc6c5S(=O)(=O)[O-])c(O)c34)n2)cc1","9.6 days"
"762","O=S(=O)([O-])c1cc(Cl)c(Cl)cc1Cl","> 1 year"
"763","O=S1(=O)C=CCO1","3.8 days"
"764","O=S1(=O)CCCO1","0.35 day"
"765","O=S1(=O)CS(=O)(=O)OCO1","0.02 day"
"766","O=S1OCC2C(CO1)C1(Cl)C(Cl)=C(Cl)C2(Cl)C1(Cl)Cl","7 days"
"767","O=[N+]([O-])C1(Br)COCOC1","280 days"
"768","O=[N+]([O-])N=C1[NH2+]CC[NH+]1Cc1ccc(Cl)nc1","> 1 year"
"769","O=[N+]([O-])OCC(CO[N+](=O)[O-])O[N+](=O)[O-]","> 1 year"
"770","O=[N+]([O-])c1cc(Cl)ccc1S(=O)(=O)Cl","0.017 day"
"771","O=[N+]([O-])c1cc(S(=O)(=O)Cl)ccc1Cl","0.0063 day"
"772","O=[N+]([O-])c1ccc(CCl)cc1","7.3 days"
"773","O=[N+]([O-])c1ccc(Cl)c(S(=O)(=O)Cl)c1","0.0086 day"
"774","O=[N+]([O-])c1ccc(S(=O)(=O)Cl)cc1","0.0033 day"
"775","O=[N+]([O-])c1cccc(S(=O)(=O)Cl)c1","0.0063 day"
"776","O=[N+]([O-])c1ccccc1S(=O)(=O)Cl","0.012 day"
"777","O=c1[nH]c2c(c(=O)n1C1CCCCC1)CCC2","> 1 year"
"778","O=c1[nH]cc(N(CCCl)CCCl)c(=O)[nH]1","0.05 day"
"779","O=c1n(CC(Br)CBr)c(=O)n(CC(Br)CBr)c(=O)n1CC(Br)CBr","0.5 day"
"780","O=c1n(CC2CO2)c(=O)n(CC2CO2)c(=O)n1CC1CO1","5.6 days"
"781","O=c1occo1","0.38 day"
"782","OC(c1ccc(Cl)cc1)(c1ccc(Cl)cc1)C(Cl)(Cl)Cl","4.1 days"
"783","OC1C=CC2C1C1(Cl)C(Cl)=C(Cl)C2(Cl)C1(Cl)Cl","> 1 year"
"784","OC1CSC(O)CS1","11 days"
"785","OC1c2cc3ccc4cccc5ccc(c2C2OC2C1O)c3c45","0.0065 day"
"786","OC1c2ccccc2C2OC2C1O","1.2 days"
"787","OCC(Cl)CCl","> 1 year"
"788","OCCCCCCCl","110 days"
"789","OCCCl","> 1 year"
"790","OCCNc1ccc2c(c1)OCO2","20 days"
"791","OCCOCCCl","> 1 year"
"792","Oc1c(Cl)cc(Cl)cc1Cl","> 1 year"
"793","Oc1ccc2c(c1)NCCO2","17 days"
"794","Oc1cccc2cccnc12","> 1 year"
"795","S=C(S[NH+]1CCOCC1)[NH+]1CCOCC1","1.8 days"
"796","S=C([S-])[NH2+]CC[NH2+]C(=S)[S-]","2.5 days"
"797","S=C1[NH2+]CC[NH2+]1","> 1 year"
"798","S=P(Oc1ccccc1)(Oc1ccccc1)Oc1ccccc1","100 days"
"799","SCCOCCOCCS","110 days"
"800","[NH3+]C(Cc1ccc(N(CCCl)CCCl)cc1)C(=O)[O-]","0.19 day"
"801","[NH3+]C([NH3+])=S","> 1 year"
"802","c1cc(N(CC2CO2)CC2CO2)ccc1OCC1CO1","2.3 days"
"803","c1cc(OCC2CO2)cc(N(CC2CO2)CC2CO2)c1","5 days"
"804","c1cc(OCC2CO2)cc(OCC2CO2)c1","4.9 days"
"805","c1cc[n+]2c(c1)-c1cccc[n+]1CC2","> 1 year"
"806","c1ccc(C2CO2)cc1","0.75 day"
"807","c1ccc(N(CC2CO2)CC2CO2)cc1","3.6 days"
"808","c1ccc(OP(Oc2ccccc2)Oc2ccccc2)cc1","0.046 day"
"809","c1ccc2sc(S[NH+](C3CCCCC3)C3CCCCC3)nc2c1","2.2 days"
"810","c1ccc2sc(S[NH2+]C3CCCCC3)nc2c1","0.63 day"
